Workbook

Sheet OVERALL
A1: Performance till Current Week
A2: OUTCOME | B2: Annual TGT- Original | C2: REVISED-ANNUAL TGT [H2 Plan] | D2: YTD Tgt | E2: YTD ACH | F2: Weekly tgt | G2: Weekly ach. | H2: BALANCE TGT
A3: ENROLMENT
A4: 5 - 6 Years | B4: =RAJASTHAN!B3+'MADHYA PRADESH'!B4+'UTTAR PRADESH'!B4+'UTTAR PRADESH'!B20 -> 220778 | C4: =RAJASTHAN!C3+'MADHYA PRADESH'!C4+'UTTAR PRADESH'!C4+'UTTAR PRADESH'!C20 -> 139359 | F4: 0 | H4: =C4-E4 -> 139359
A5: 7- 14 Years | B5: =RAJASTHAN!B4+'MADHYA PRADESH'!B5+'UTTAR PRADESH'!B5+'UTTAR PRADESH'!B21 -> 211802 | C5: =RAJASTHAN!C4+'MADHYA PRADESH'!C5+'UTTAR PRADESH'!C5+'UTTAR PRADESH'!C21 -> 109631 | H5: =C5-E5 -> 109631
A6: Overall: 5-14 Years | B6: =RAJASTHAN!B5+'MADHYA PRADESH'!B6+'UTTAR PRADESH'!B6+'UTTAR PRADESH'!B22 -> 432580 | C6: =RAJASTHAN!C5+'MADHYA PRADESH'!C6+'UTTAR PRADESH'!C6+'UTTAR PRADESH'!C22 -> 248990 | D6: =RAJASTHAN!D5+'MADHYA PRADESH'!D6+'UTTAR PRADESH'!D6+'UTTAR PRADESH'!D22 -> 179456 | F6: =RAJASTHAN!F5+'MADHYA PRADESH'!F6+'UTTAR PRADESH'!F6+'UTTAR PRADESH'!F22 -> 19064 | H6: =C6-E6 -> 248990
A7: Achvt. %
A8: RETENTION
A9: # Girls Leaders- BS formation | B9: =RAJASTHAN!B9+'MADHYA PRADESH'!B9+'UTTAR PRADESH'!B9+'UTTAR PRADESH'!B25 -> 78930 | C9: =RAJASTHAN!C9+'MADHYA PRADESH'!C9+'UTTAR PRADESH'!C9+'UTTAR PRADESH'!C25 -> 60972 | D9: =RAJASTHAN!D9+'MADHYA PRADESH'!D9+'UTTAR PRADESH'!D9+'UTTAR PRADESH'!D25 -> 47718 | F9: =RAJASTHAN!F9+'MADHYA PRADESH'!F9+'UTTAR PRADESH'!F9+'UTTAR PRADESH'!F25 -> 17451 | H9: =C9-E9 -> 60972
A10: # SMC Members Trained | B10: =RAJASTHAN!B10+'MADHYA PRADESH'!B10+'UTTAR PRADESH'!B10+'UTTAR PRADESH'!B26 -> 64310 | C10: =RAJASTHAN!C10+'MADHYA PRADESH'!C10+'UTTAR PRADESH'!C10+'UTTAR PRADESH'!C26 -> 53941 | D10: =RAJASTHAN!D10+'MADHYA PRADESH'!D10+'UTTAR PRADESH'!D10+'UTTAR PRADESH'!D26 -> 31287 | F10: =RAJASTHAN!F10+'MADHYA PRADESH'!F10+'UTTAR PRADESH'!F10+'UTTAR PRADESH'!F26 -> 4086 | H10: =C10-E10 -> 53941
A11: #Retention Data Verification | B11: =RAJASTHAN!B11+'MADHYA PRADESH'!B11+'UTTAR PRADESH'!B11+'UTTAR PRADESH'!B27 -> 260971 | C11: =RAJASTHAN!C11+'MADHYA PRADESH'!C11+'UTTAR PRADESH'!C11+'UTTAR PRADESH'!C27 -> 260971 | D11: =RAJASTHAN!D11+'MADHYA PRADESH'!D11+'UTTAR PRADESH'!D11+'UTTAR PRADESH'!D27 -> 163505 | F11: =RAJASTHAN!F11+'MADHYA PRADESH'!F11+'UTTAR PRADESH'!F11+'UTTAR PRADESH'!F27 -> 29438 | H11: =C11-E11 -> 260971
A12: Achvt. %
A13: LEARNING
A14: # Learning Beneficiaries-PO | B14: 331875 | C14: 245845 | D14: =RAJASTHAN!D14+'MADHYA PRADESH'!D14+'UTTAR PRADESH'!D14+'UTTAR PRADESH'!D30 -> 111237 | F14: =RAJASTHAN!F14+'MADHYA PRADESH'!F14+'UTTAR PRADESH'!F14+'UTTAR PRADESH'!F30 -> 0 | H14: =C14-E14 -> 245845
A15: Achvt. % | E15: =E14/D14 -> 0
A16: Source | B16: Ops | C16: Ops | D16: Ops | E16: PMS | F16: Ops | G16: PMS

Sheet RAJASTHAN
A1: Performance till Current Week
A2: ENROLMENT | B2: Annual TGT- Original | C2: REVISED-ANNUAL TGT [H2 Plan] | D2: YTD Tgt | E2: YTD ACH | F2: Weekly tgt | G2: Weekly ach. | H2: BALANCE TGT
A3: 5 - 6 Years | B3: 35884 | C3: 30246 | F3: - | H3: =C3-E3 -> 30246
A4: 7- 14 Years | B4: 31012 | C4: 26139 | H4: =C4-E4 -> 26139
A5: RAJ : 5-14 Years | B5: 66896 | C5: 56385 | D5: =29849+4932 -> 34781 | F5: 4933 | H5: =C5-E5 -> 56385
A6: Achvt %
A7: 15-18 Years [RSOS] | B7: 7885 [5000-RSOS; 2885-Mainstream] | C7: 5000 | D7: 7729 | F7: - | H7: =C7-E7 -> 5000
A8: RETENTION
A9: # Girls Leaders | B9: 28457 | C9: 26468 | D9: 22468 | F9: 6219 | H9: =C9-E9 -> 26468
A10: # SMC Members Trained | B10: 21850 | C10: 21850 | D10: =8465+671 -> 9136 | F10: 672 | H10: =C10-E10 -> 21850
A11: #Retention Data Verification | B11: 102728 | C11: 102728 | D11: =40470+8667 -> 49137 | F11: 8667 | H11: =C11-E11 -> 102728
A12: Achvt %
A13: LEARNING
A14: # Learning Beneficiaries-PO | C14: 88892 | D14: 21089 | F14: 0 | H14: =C14-E14 -> 88892
A15: # Learning Beneficiaries-AGP | B15: 19100 | C15: 19100 | D15: 5880 | F15: 1207 | H15: =C15-E15 -> 19100
A16: Achvt % | E16: =(E14+E15)/(D14+D15) -> 0 | G16: =SUM(G14:G15)/SUM(F14:F15) -> 0
B17: PSU | D17: PSU | F17: PSU | H17: PSU | I17: PSU
A18: District | B18: Enrolment (YTD) | F18: Retention | H18: Learning | J18: Overall
B19: Ach vs Tgt | C19: High Risk Errors | D19: D2D Enrolments per Cluster | E19: %D2D | F19: Ach vs Tgt (YTD) (Data collection+SMC+BSF+GLT) | G19: Quality Assessment | H19: Ach vs Tgt (YTD) | I19: Quality Assessment | J19: District RAG Status
B20: source from PMS & targets provided by Ops | C20: Source from CV data | D20: Average D2D enrolments per FC/cluster | E20: % of D2D enrolments (with SR number And CIOOSG) | F20: source from PMS & targets provided by Ops | G20: Spot check assessment | H20: source from PMS & targets provided by Ops | I20: source from CRO data | J20: Derive from performance
A21: AJMER | C21: 0.05 | D21: 49 | E21: 0.96 | F21: 0.99 | G21: Green | H21: 0.97 | I21: Amber | J21: Amber
A22: BANSWARA | C22: 0.08 | D22: 79 | E22: 0.99 | F22: 1.65 | G22: Green | H22: 1.1 | I22: Amber | J22: Green
A23: BHILWARA | C23: 0.01 | D23: 50 | E23: 1 | F23: 1.2 | G23: Green | H23: NA | I23: NA | J23: Green
A24: BUNDI | C24: 0.13 | D24: 74 | E24: 1 | F24: 0.74 | G24: Green | H24: 0.96 | I24: Amber | J24: Amber
A25: JALORE | C25: 0.05 | D25: 100 | E25: 1 | F25: 0.59 | G25: Green | H25: 0.91 | I25: Red | J25: Red
A26: JHALAWAR | C26: 0.08 | D26: 21 | E26: 1 | F26: 1.19 | G26: Green | H26: 0.94 | I26: Green | J26: Amber
A27: RAJSAMAND | C27: 0.05 | D27: 61 | E27: 0.79 | F27: 0.58 | G27: Green | H27: 1.07 | I27: Green | J27: Amber
A28: SALUMBER | C28: 0.06 | D28: 115 | E28: 1 | F28: 2.06 | G28: Green | H28: 0.84 | I28: Amber | J28: Green
A29: SIROHI | C29: 0.08 | D29: 59 | E29: 0.94 | F29: 0.69 | G29: Green | H29: 0.87 | I29: Green | J29: Green
A30: UDAIPUR | C30: 0.08 | D30: 96 | E30: 1 | F30: 0.79 | G30: Green | H30: 0.86 | I30: Amber | J30: Green
A31: Total | C31: 0.07 | D31: 73 | E31: 0.97 | F31: 1.08 | G31: Green | H31: 0.96 | I31: Amber | J31: Green
B32: Ach vs Tgt (YTD) | C32: High-risk errors | D32: D2D Enrolments per Cluster | E32: D2D/ CIOOSG enrolments | F32: Ach vs Tgt (YTD) | G32: Quality Assessment | H32: Ach vs Tgt (YTD) | I32: Quality Assessment | J32: District RAG Status
A33: Red | B33: Less than 60% | C33: 10%+ | D33: less than 50 | E33: less than 60% | F33: Less than 60% | G33: Significant improvement required | H33: Less than 60% | I33: Overall star rating 1 or 2 | J33: Reds in 2 out of 3 outcomes (E,R,L)
A34: Amber | B34: 60-80% | C34: 8-10% | D34: 50 to 80 | E34: 60-90% | F34: 60-80% | G34: Some improvement required | H34: 60-80% | I34: Overall star rating 3 | J34: Reds in 1 out of 3 outcomes
A35: Green | B35: 80%+ | C35: less than 8% | D35: greater than 80 | E35: >90% | F35: 80%+ | G35: Mostly high quality | H35: 80%+ | I35: Overall star rating 4 or 5 | J35: No reds

Sheet MADHYA PRADESH
A1: Performance till Current Week
A2: OUTCOME | B2: Annual TGT- Original | C2: REVISED-ANNUAL TGT [H2 Plan] | D2: YTD target | E2: YTD ACH | F2: Weekly tgt | G2: Weekly ach. | H2: BALANCE TGT
A3: ENROLMENT
A4: 5 - 6 Years | B4: 99299 | C4: 52662 | F4: - | G4: 393 | H4: =C4-E4 -> 52662
A5: 7- 14 Years | B5: 109114 | C5: 36183 | F5: - | G5: 610 | H5: =C5-E5 -> 36183
A6: MP: 5-14 Years | B6: 208413 | C6: 88845 | D6: 68620 | F6: 8929 | G6: 1003 | H6: =C6-E6 -> 88845
A7: Achvt % | G7: =G6/F6 -> 0.11233061
A8: RETENTION | G8: =G6/F6 -> 0.11233061
A9: # Girls Leaders | B9: 21067 | C9: 17342 | D9: 10262 | F9: 7212 | G9: 13 | H9: =C9-E9 -> 17342
A10: # SMC Members Trained | B10: 18520 | C10: 16131 | D10: 12039 | F10: 1170 | G10: 7 | H10: =C10-E10 -> 16131
A11: #Retention Data Verification | B11: 87448 | C11: 87448 | D11: 70355 | F11: 12318 | G11: 6276 | H11: =C11-E11 -> 87448
A12: Achvt % | G12: =SUM(G9:G11)/SUM(F9:F11) -> 0.30415459
A13: LEARNING
A14: # Learning Beneficiaries-PO | B14: 96575 | C14: 49736 | D14: 38519 | F14: 0 | G14: 205 | H14: =C14-E14 -> 49736
A15: # Learning Beneficiaries-AGP | B15: 3345 | C15: 3345 | D15: 935 | F15: 935 | G15: 0
A16: Achvt % | E16: =E14/D14 -> 0 | G16: NA
A19: District | B19: Enrolment (YTD) | F19: Retention | H19: Learning | J19: Overall
B20: Ach vs Tgt | C20: High Risk Errors | D20: D2D Enrolments per Cluster | E20: %D2D | F20: Ach vs Tgt (YTD) (Data collection+SMC+BSF+GLT) | G20: Quality Assessment | H20: Ach vs Tgt (YTD) | I20: Quality Assessment | J20: District RAG Status
B21: source from PMS & targets provided by Ops | C21: source from CV data | D21: Average D2D enrolments per FC/cluster | E21: % of D2D enrolments (with SR number And CIOOSG) | F21: source from PMS & targets provided by Ops | G21: Spot check assessment | H21: source from PMS & targets provided by Ops | I21: source from CRO data | J21: Derive from performance
A22: ALIRAJPUR | C22: 0.08 | D22: 107 | E22: 0.82 | F22: 0.76 | G22: Green | H22: 0.77 | I22: Amber | J22: Green
A23: BARWANI | C23: 0.05 | D23: 149 | E23: 0.76 | F23: 1.05 | G23: Green | H23: 1.2 | I23: Amber | J23: Green
A24: DHAR | C24: 0.03 | D24: 92 | E24: 0.83 | F24: 1.15 | G24: Green | H24: 0.99 | I24: Amber | J24: Green
A25: JHABUA | C25: 0.05 | D25: 83 | E25: 0.85 | F25: 0.91 | G25: Green | H25: 1.05 | I25: Amber | J25: Green
A26: KHALWA | C26: 0.06 | D26: 192 | E26: 1 | F26: 1.12 | G26: Green | H26: 1.27 | I26: Amber | J26: Green
A27: KHANDWA | C27: 0.04 | D27: 103 | E27: 1 | F27: 1.15 | G27: Amber | H27: 0.62 | I27: Amber | J27: Green
A28: Total | C28: 0.05 | D28: 110 | E28: 0.84 | F28: 1 | G28: Green | H28: 0.92 | I28: Amber | J28: Green
B29: Ach vs Tgt | C29: High Risk Errors | D29: D2D Enrolments per Cluster | E29: D2D/ CIOOSG enrolments | F29: Ach vs Tgt (YTD) | G29: Quality Assessment | H29: Ach vs Tgt (YTD) | I29: Quality Assessment | J29: District RAG Status
A30: Red | B30: Less than 60% | C30: 10%+ | D30: less than 50 | E30: less than 60% | F30: Less than 60% | G30: Significant improvement required | H30: Less than 60% | I30: Overall star rating 1 or 2 | J30: Reds in 2 out of 3 outcomes (E,R,L)
A31: Amber | B31: 60-80% | C31: 8-10% | D31: 50 to 80 | E31: 60-90% | F31: 60-80% | G31: Some improvement required | H31: 60-80% | I31: Overall star rating 3 | J31: Reds in 1 out of 3 outcomes
A32: Green | B32: 80%+ | C32: less than 8% | D32: greater than 80 | E32: >90% | F32: 80%+ | G32: Mostly high quality | H32: 80%+ | I32: Overall star rating 4 or 5 | J32: No reds

Sheet UTTAR PRADESH
A1: Performance till current week
A2: OUTCOME | B2: Annual TGT- Original | C2: REVISED-ANNUAL TGT [H2 Plan] | D2: YTD Target | E2: YTD ACH | F2: Weekly tgt | G2: Weekly ach. | H2: BALANCE TGT
A3: ENROLMENT
A4: 5 - 6 Years | B4: 67184 | C4: 45433 | F4: 0 | H4: =C4-E4 -> 45433
A5: 7- 14 Years | B5: 59401 | C5: 36847 | F5: 0 | H5: =C5-E5 -> 36847
A6: UP : 5-14 Years | B6: =SUM(B4:B5) -> 126585 | C6: 82280 | D6: 59141 | F6: 4226 | H6: =C6-E6 -> 82280
A7: Achvt %
A8: RETENTION
A9: # Girls Leaders | B9: 25974 | C9: 13730 | D9: 11556 | F9: 2174 | H9: =C9-E9 -> 13730
A10: # SMC Members Trained | B10: 19980 | C10: 13320 | D10: 7572 | F10: 1634 | H10: =C10-E10 -> 13320
A11: #Retention Data Verification | B11: 50631 | C11: 50631 | D11: 35000 | F11: 7000 | H11: =C11-E11 -> 50631
A12: Achvt %
A13: LEARNING
A14: # Learning Beneficiaries-PO | B14: 1,12,980 | C14: 86248 | D14: 41069 | F14: 0 | H14: =C14-E14 -> 86248
A15: Achvt % | E15: =E14/D14 -> 0 | G15: NA
A17: Performance till current week (Sidhi)
A18: OUTCOME | B18: Annual TGT- Original | C18: REVISED-ANNUAL TGT [H2 Plan] | D18: YTD Target | E18: YTD ACH | F18: Weekly tgt | G18: Weekly ach. | H18: BALANCE TGT
A19: ENROLMENT
A20: 5 - 6 Years | B20: 18411 | C20: 11018 | F20: 0 | H20: =C20-E20 -> 11018
A21: 7- 14 Years | B21: 12275 | C21: 10462 | F21: 0 | H21: =C21-E21 -> 10462
A22: UP : 5-14 Years | B22: 30686 | C22: 21480 | D22: 16914 | F22: 976 | H22: =C22-E22 -> 21480
A23: Achvt %
A24: RETENTION
A25: # Girls Leaders | B25: 3432 | C25: 3432 | D25: 3432 | F25: 1846 | H25: =C25-E25 -> 3432
A26: # SMC Members Trained | B26: 3960 | C26: 2640 | D26: 2540 | F26: 610 | H26: =C26-E26 -> 2640
A27: #Retention Data Verification | B27: 20164 | C27: 20164 | D27: 9013 | F27: 1453 | H27: =C27-E27 -> 20164
A28: Achvt %
A29: LEARNING
A30: # Learning Beneficiaries-PO | B30: 28935 | C30: 974 | D30: 10560 | F30: 0 | G30: 9 | H30: =C30-E30 -> 974
A31: Achvt % | E31: =E30/D30 -> 0 | G31: NA
A33: District | B33: Enrolment (YTD) | F33: Retention | H33: Learning | J33: Overall
B34: Ach vs Tgt | C34: High Risk Errors | D34: D2D Enrolments per Cluster | E34: %D2D | F34: Ach vs Tgt (YTD) (Data collection+SMC+BSF+GLT) | G34: Quality Assessment | H34: Ach vs Tgt (YTD) | I34: Quality Assessment | J34: District RAG Status
B35: source from PMS & targets provided by Ops | C35: source from CV data | D35: Average D2D enrolments per FC/cluster | E35: % of D2D enrolments (with SR number And CIOOSG) | F35: source from PMS & targets provided by Ops | G35: Spot check assessment | H35: source from PMS & targets provided by Ops | I35: source from CRO data | J35: Derive from performance
A36: CHITRAKOOT | C36: 0.04 | D36: 107 | E36: 0.99 | F36: 0.96 | G36: Green | H36: 1 | I36: Green | J36: Green
A37: FATEHPUR | C37: 0.07 | D37: 63 | E37: 1 | F37: 0.25 | G37: Amber | H37: 1.18 | I37: Amber | J37: Amber
A38: PRAYAGRAJ | C38: 0.09 | D38: 21 | E38: 1 | F38: 0.04 | G38: NA | H38: 1.04 | I38: Amber | J38: Red
A39: ROBERTSGANJ | C39: 0.1 | D39: 70 | E39: 1 | F39: 0.18 | G39: Amber | H39: 1.09 | I39: Green | J39: Amber
A40: SIDHI | C40: 0.07 | D40: 90 | E40: 1 | F40: 1.25 | G40: Red | H40: =11122/10560 -> 1.0532197 | I40: Amber | J40: Amber
A41: Total | C41: 0.07 | D41: 74 | E41: 1 | F41: 0.87 | G41: Red | H41: 1.07 | I41: Amber | J41: Amber
B42: Ach vs Tgt | C42: High-risk errors | D42: D2D Enrolments per Cluster | E42: D2D/ CIOOSG enrolments | F42: Ach vs Tgt (YTD) | G42: Quality Assessment | H42: Ach vs Tgt (YTD) | I42: Quality Assessment | J42: District RAG Status
A43: Red | B43: Less than 60% | C43: 10%+ | D43: less than 50 | E43: less than 60% | F43: Less than 60% | G43: Significant improvement required | H43: Less than 60% | I43: Overall star rating 1 or 2 | J43: Reds in 2 out of 3 outcomes (E,R,L)
A44: Amber | B44: 60-80% | C44: 8-10% | D44: 50 to 80 | E44: 60-90% | F44: 60-80% | G44: Some improvement required | H44: 60-80% | I44: Overall star rating 3 | J44: Reds in 1 out of 3 outcomes
A45: Green | B45: 80%+ | C45: less than 8% | D45: greater than 80 | E45: >90% | F45: 80%+ | G45: Mostly high quality | H45: 80%+ | I45: Overall star rating 4 or 5 | J45: No reds

Sheet  WEEK - Backup
E1: 44531 | M1: 44562 | U1: 44593 | AC1: 44621
E2: Week-1 Target | F2: Week-1 Ach. | G2: Week-2 Target | H2: Week-2 Ach. | I2: Week-3 Target | J2: Week-3 Ach. | K2: Week-4 Target | L2: Week-4 Ach. | M2: Week-1 Target | N2: Week-1 Ach. | O2: Week-2 Target | P2: Week-2 Ach. | Q2: Week-3 Target | R2: Week-3 Ach. | S2: Week-4 Target | T2: Week-4 Ach. | U2: Week-1 Target | V2: Week-1 Ach. | W2: Week-2 Target | X2: Week-2 Ach. | Y2: Week-3 Target | Z2: Week-3 Ach. | AA2: Week-4 Target | AB2: Week-4 Ach. | AC2: Week-1 Target | AD2: Week-1 Ach. | AE2: Week-2 Target | AF2: Week-2 Ach. | AG2: Week-3 Target | AH2: Week-3 Ach. | AI2: Week-4 Target | AJ2: Week-4 Ach.
A3: State | B3: District | C3: Outcome | E3: Manual | F3: PMS | G3: Manual | H3: PMS | I3: Manual | J3: PMS | K3: Manual | L3: PMS | M3: Manual | N3: PMS | O3: Manual | P3: PMS | Q3: Manual | R3: PMS | S3: Manual | T3: PMS | U3: Manual | V3: PMS | W3: Manual | X3: PMS | Y3: Manual | Z3: PMS | AA3: Manual | AB3: PMS | AC3: Manual | AD3: PMS | AE3: Manual | AF3: PMS | AG3: Manual | AH3: PMS | AI3: Manual | AJ3: PMS
A4: Rajasthan | B4: AJMER | C4: Enrolment 5-14 | E4: 0 | F4: 87 | G4: 0 | H4: 36 | I4: 168 | J4: 27 | K4: 142 | L4: 15 | M4: 107 | N4: 3 | O4: 109 | P4: 1 | Q4: 156 | S4: 146 | U4: 146 | W4: 187 | Y4: 185 | AA4: 180 | AC4: 0 | AE4: 0 | AG4: 0 | AI4: 0
A5: Rajasthan | B5: AJMER | C5: # Girls Leaders | E5: 0 | F5: 0 | G5: 0 | H5: 0 | I5: 321 | J5: 0 | K5: 0 | L5: 338 | M5: 803 | N5: 1066 | O5: 803 | P5: 740 | Q5: 803 | S5: 482 | U5: 0 | W5: 0 | Y5: 0 | AA5: 0 | AC5: 0 | AE5: 0 | AG5: 0 | AI5: 0
A6: Rajasthan | B6: AJMER | C6: # SMC Members Trained | E6: 0 | F6: 0 | G6: 0 | H6: 0 | I6: 0 | J6: 0 | K6: 95 | L6: 349 | M6: 0 | N6: 1066 | O6: 0 | P6: 740 | Q6: 64 | S6: 95 | U6: 191 | W6: 238 | Y6: 238 | AA6: 286 | AC6: 191 | AE6: 191 | AG6: 123 | AI6: 0
A7: Rajasthan | B7: AJMER | C7: #Retention Data Verification | E7: 0 | F7: 0 | G7: 0 | H7: 171 | I7: 574 | J7: 1134 | K7: 574 | L7: 0 | M7: 574 | N7: 790 | O7: 527 | P7: 64 | Q7: 0 | S7: 0 | U7: 0 | W7: 0 | Y7: 0 | AA7: 0 | AC7: 0 | AE7: 0 | AG7: 0 | AI7: 0
A8: Rajasthan | B8: AJMER | C8: # Learning Beneficiaries-PO | E8: 0 | F8: Pending | G8: 0 | H8: Pending | I8: 0 | J8: Pending | K8: 0 | L8: Pending | M8: 140 | N8: Pending | O8: 0 | P8: Pending | Q8: 0 | S8: 0 | U8: 0 | W8: 0 | Y8: 0 | AA8: 0 | AC8: 0 | AE8: 0 | AG8: 0 | AI8: 0
A9: Rajasthan | B9: BANSWARA | C9: Enrolment 5-14 | E9: 0 | F9: 423 | G9: 0 | H9: 400 | I9: 402 | J9: 426 | K9: 76 | L9: 326 | M9: 225 | N9: 561 | O9: 1102 | P9: 347 | Q9: 556 | S9: 1011 | U9: 444 | W9: 346 | Y9: 402 | AA9: 928 | AC9: - | AE9: - | AG9: - | AI9: -
A10: Rajasthan | B10: BANSWARA | C10: # Girls Leaders | E10: 0 | F10: 0 | G10: 0 | H10: 0 | I10: 230 | J10: 0 | K10: 0 | L10: 468 | M10: 688 | N10: 675 | O10: 688 | P10: 726 | Q10: 688 | S10: 505 | U10: 789 | W10: 0 | Y10: 0 | AA10: 0 | AC10: 0 | AE10: 0 | AG10: 0 | AI10: 0
A11: Rajasthan | B11: BANSWARA | C11: # SMC Members Trained | E11: 0 | F11: 0 | G11: 0 | H11: 0 | I11: 102 | J11: 0 | K11: 102 | L11: 468 | M11: 0 | N11: 675 | O11: 0 | P11: 726 | Q11: 62 | S11: 102 | U11: 204 | W11: 204 | Y11: 116 | AA11: 0 | AC11: 0 | AE11: 0 | AG11: 0 | AI11: 0
A12: Rajasthan | B12: BANSWARA | C12: #Retention Data Verification | E12: 0 | F12: 12 | G12: 0 | H12: 937 | I12: 1512 | J12: 2981 | K12: 1512 | L12: 0 | M12: 1512 | N12: 3380 | O12: 1512 | P12: 2654 | Q12: 2234 | S12: 4272 | U12: 4272 | W12: 4272 | Y12: 4272 | AA12: 4272 | AC12: 4076 | AE12: 0 | AG12: 0 | AI12: 0
A13: Rajasthan | B13: BANSWARA | C13: # Learning Beneficiaries-PO | E13: 0 | F13: Pending | G13: 0 | H13: Pending | I13: 0 | J13: Pending | K13: 0 | L13: Pending | M13: 0 | N13: Pending | O13: 0 | P13: Pending | Q13: 0 | S13: 0 | U13: 0 | W13: 0 | Y13: 0 | AA13: 0 | AC13: 0 | AE13: 0 | AG13: 0 | AI13: 0
A14: Rajasthan | B14: BHILWARA | C14: Enrolment 5-14 | E14: 0 | F14: 422 | G14: 0 | H14: 63 | I14: 15 | J14: 51 | K14: 45 | L14: 177 | M14: 98 | N14: 57 | O14: 197 | P14: 177 | Q14: 186 | S14: 88 | U14: 0 | W14: 0 | Y14: 0 | AA14: 0 | AC14: - | AE14: - | AG14: - | AI14: -
A15: Rajasthan | B15: BHILWARA | C15: # Girls Leaders | E15: 0 | F15: 0 | G15: 0 | H15: 0 | I15: 292 | J15: 0 | K15: 0 | L15: 663 | M15: 564 | N15: 494 | O15: 600 | P15: 348 | Q15: 0 | S15: 0 | U15: 0 | W15: 0 | Y15: 0 | AA15: 0 | AC15: 0 | AE15: 0 | AG15: 0 | AI15: 0
A16: Rajasthan | B16: BHILWARA | C16: # SMC Members Trained | E16: 0 | F16: 4 | G16: 0 | H16: 0 | I16: 78 | J16: 0 | K16: 78 | L16: 663 | M16: 0 | N16: 511 | O16: 0 | P16: 348 | Q16: 78 | S16: 78 | U16: 154 | W16: 154 | Y16: 154 | AA16: 154 | AC16: 154 | AE16: 154 | AG16: 164 | AI16: 0
A17: Rajasthan | B17: BHILWARA | C17: #Retention Data Verification | E17: 0 | F17: 0 | G17: 0 | H17: 261 | I17: 402 | J17: 125 | K17: 0 | L17: 0 | M17: 0 | N17: 12 | O17: 0 | P17: 4 | Q17: 0 | S17: 0 | U17: 0 | W17: 0 | Y17: 0 | AA17: 0 | AC17: 0 | AE17: 0 | AG17: 0 | AI17: 0
A18: Rajasthan | B18: BHILWARA | C18: # Learning Beneficiaries-PO | E18: 0 | F18: Pending | G18: 0 | H18: Pending | I18: 0 | J18: Pending | K18: 0 | L18: Pending | M18: 0 | N18: Pending | O18: 0 | P18: Pending | Q18: 0 | S18: 0 | U18: 0 | W18: 0 | Y18: 0 | AA18: 0 | AC18: 0 | AE18: 0 | AG18: 0 | AI18: 0
A19: Rajasthan | B19: BUNDI | C19: Enrolment 5-14 | E19: 0 | F19: 100 | G19: 0 | H19: 258 | I19: 195 | J19: 302 | K19: 89 | L19: 329 | M19: 235 | N19: 160 | O19: 745 | P19: 218 | Q19: 402 | S19: 133 | U19: 0 | W19: 0 | Y19: 0 | AA19: 0 | AC19: - | AE19: - | AG19: - | AI19: -
A20: Rajasthan | B20: BUNDI | C20: # Girls Leaders | E20: 0 | F20: 0 | G20: 0 | H20: 0 | I20: 228 | J20: 0 | K20: 0 | L20: 454 | M20: 678 | N20: 52 | O20: 678 | P20: 0 | Q20: 678 | S20: 364 | U20: 0 | W20: 0 | Y20: 0 | AA20: 0 | AC20: 0 | AE20: 0 | AG20: 0 | AI20: 0
A21: Rajasthan | B21: BUNDI | C21: # SMC Members Trained | E21: 0 | F21: 47 | G21: 0 | H21: 10 | I21: 78 | J21: 0 | K21: 78 | L21: 512 | M21: 0 | N21: 68 | O21: 0 | P21: 0 | Q21: 50 | S21: 78 | U21: 156 | W21: 106 | Y21: 106 | AA21: 128 | AC21: 0 | AE21: 0 | AG21: 0 | AI21: 0
A22: Rajasthan | B22: BUNDI | C22: #Retention Data Verification | E22: 0 | F22: 102 | G22: 0 | H22: 628 | I22: 1212 | J22: 404 | K22: 1075 | L22: 0 | M22: 0 | N22: 627 | O22: 0 | P22: 426 | Q22: 0 | S22: 0 | U22: 0 | W22: 0 | Y22: 0 | AA22: 0 | AC22: 0 | AE22: 0 | AG22: 0 | AI22: 0
A23: Rajasthan | B23: BUNDI | C23: # Learning Beneficiaries-PO | E23: 0 | F23: Pending | G23: 0 | H23: Pending | I23: 0 | J23: Pending | K23: 0 | L23: Pending | M23: 121 | N23: Pending | O23: 0 | P23: Pending | Q23: 0 | S23: 0 | U23: 0 | W23: 0 | Y23: 0 | AA23: 0 | AC23: 0 | AE23: 0 | AG23: 0 | AI23: 0
A24: Rajasthan | B24: JALORE | C24: Enrolment 5-14 | E24: 0 | F24: 407 | G24: 0 | H24: 487 | I24: 395 | J24: 438 | K24: 88 | L24: 79 | M24: 195 | N24: 784 | O24: 689 | P24: 87 | Q24: 1290 | S24: 1304 | U24: 1281 | W24: 1051 | Y24: 1174 | AA24: 1279 | AC24: - | AE24: - | AG24: - | AI24: -
A25: Rajasthan | B25: JALORE | C25: # Girls Leaders | E25: 0 | F25: 0 | G25: 0 | H25: 0 | I25: 220 | J25: 0 | K25: 0 | L25: 234 | M25: 698 | N25: 65 | O25: 698 | P25: 0 | Q25: 698 | S25: 590 | U25: 957 | W25: 0 | Y25: 0 | AA25: 0 | AC25: 0 | AE25: 0 | AG25: 0 | AI25: 0
A26: Rajasthan | B26: JALORE | C26: # SMC Members Trained | E26: 0 | F26: 0 | G26: 0 | H26: 0 | I26: 88 | J26: 0 | K26: 88 | L26: 234 | M26: 0 | N26: 65 | O26: 0 | P26: 0 | Q26: 42 | S26: 88 | U26: 176 | W26: 298 | Y26: 298 | AA26: 298 | AC26: 220 | AE26: 94 | AG26: 0 | AI26: 0
A27: Rajasthan | B27: JALORE | C27: #Retention Data Verification | E27: 0 | F27: 213 | G27: 0 | H27: 691 | I27: 989 | J27: 617 | K27: 989 | L27: 13 | M27: 586 | N27: 258 | O27: 0 | P27: 348 | Q27: 0 | S27: 0 | U27: 0 | W27: 0 | Y27: 0 | AA27: 0 | AC27: 0 | AE27: 0 | AG27: 0 | AI27: 0
A28: Rajasthan | B28: JALORE | C28: # Learning Beneficiaries-PO | E28: 0 | F28: Pending | G28: 0 | H28: Pending | I28: 0 | J28: Pending | K28: 0 | L28: Pending | M28: 30 | N28: Pending | O28: 0 | P28: Pending | Q28: 0 | S28: 0 | U28: 0 | W28: 0 | Y28: 0 | AA28: 0 | AC28: 0 | AE28: 0 | AG28: 0 | AI28: 0
A29: Rajasthan | B29: JHALAWAR | C29: Enrolment 5-14 | E29: 0 | F29: 102 | G29: 0 | H29: 74 | I29: 226 | J29: 39 | K29: 93 | L29: 23 | M29: 268 | N29: 191 | O29: 556 | P29: 77 | Q29: 102 | S29: 0 | U29: 0 | W29: 0 | Y29: 0 | AA29: 0 | AC29: - | AE29: - | AG29: - | AI29: -
A30: Rajasthan | B30: JHALAWAR | C30: # Girls Leaders | E30: 0 | F30: 0 | G30: 0 | H30: 0 | I30: 320 | J30: 65 | K30: 0 | L30: 948 | M30: 698 | N30: 360 | O30: 698 | P30: 610 | Q30: 698 | S30: 134 | U30: 0 | W30: 0 | Y30: 0 | AA30: 0 | AC30: 0 | AE30: 0 | AG30: 0 | AI30: 0
A31: Rajasthan | B31: JHALAWAR | C31: # SMC Members Trained | E31: 0 | F31: 0 | G31: 0 | H31: 10 | I31: 98 | J31: 65 | K31: 98 | L31: 948 | M31: 0 | N31: 360 | O31: 0 | P31: 610 | Q31: 72 | S31: 98 | U31: 196 | W31: 368 | Y31: 127 | AA31: 0 | AC31: 0 | AE31: 0 | AG31: 0 | AI31: 0
A32: Rajasthan | B32: JHALAWAR | C32: #Retention Data Verification | E32: 0 | F32: 705 | G32: 0 | H32: 2459 | I32: 1112 | J32: 2876 | K32: 1112 | L32: 34 | M32: 1112 | N32: 1132 | O32: 1112 | P32: 70 | Q32: 1112 | S32: 1112 | U32: 754 | W32: 0 | Y32: 0 | AA32: 0 | AC32: 0 | AE32: 0 | AG32: 0 | AI32: 0
A33: Rajasthan | B33: JHALAWAR | C33: # Learning Beneficiaries-PO | E33: 0 | F33: Pending | G33: 0 | H33: Pending | I33: 0 | J33: Pending | K33: 0 | L33: Pending | M33: 250 | N33: Pending | O33: 0 | P33: Pending | Q33: 0 | S33: 0 | U33: 0 | W33: 0 | Y33: 0 | AA33: 0 | AC33: 0 | AE33: 0 | AG33: 0 | AI33: 0
A34: Rajasthan | B34: RAJSAMAND | C34: Enrolment 5-14 | E34: 0 | F34: 261 | G34: 0 | H34: 189 | I34: 207 | J34: 76 | K34: 86 | L34: 108 | M34: 235 | N34: 61 | O34: 786 | P34: 17 | Q34: 198 | S34: 102 | U34: 0 | W34: 0 | Y34: 0 | AA34: 0 | AC34: - | AE34: - | AG34: - | AI34: -
A35: Rajasthan | B35: RAJSAMAND | C35: # Girls Leaders | E35: 0 | F35: 0 | G35: 0 | H35: 0 | I35: 230 | J35: 0 | K35: 0 | L35: 0 | M35: 698 | N35: 607 | O35: 698 | P35: 464 | Q35: 698 | S35: 527 | U35: 230 | W35: 0 | Y35: 0 | AA35: 0 | AC35: 0 | AE35: 0 | AG35: 0 | AI35: 0
A36: Rajasthan | B36: RAJSAMAND | C36: # SMC Members Trained | E36: 0 | F36: 0 | G36: 0 | H36: 0 | I36: 96 | J36: 0 | K36: 96 | L36: 0 | M36: 0 | N36: 607 | O36: 0 | P36: 464 | Q36: 58 | S36: 96 | U36: 192 | W36: 266 | Y36: 266 | AA36: 266 | AC36: 184 | AE36: 0 | AG36: 0 | AI36: 0
A37: Rajasthan | B37: RAJSAMAND | C37: #Retention Data Verification | E37: 0 | F37: 0 | G37: 0 | H37: 403 | I37: 1010 | J37: 692 | K37: 1010 | L37: 0 | M37: 1010 | N37: 543 | O37: 1010 | P37: 744 | Q37: 994 | S37: 0 | U37: 0 | W37: 0 | Y37: 0 | AA37: 0 | AC37: 0 | AE37: 0 | AG37: 0 | AI37: 0
A38: Rajasthan | B38: RAJSAMAND | C38: # Learning Beneficiaries-PO | E38: 0 | F38: Pending | G38: 0 | H38: Pending | I38: 0 | J38: Pending | K38: 0 | L38: Pending | M38: 96 | N38: Pending | O38: 0 | P38: Pending | Q38: 0 | S38: 0 | U38: 0 | W38: 0 | Y38: 0 | AA38: 0 | AC38: 0 | AE38: 0 | AG38: 0 | AI38: 0
A39: Rajasthan | B39: SALUMBER | C39: Enrolment 5-14 | E39: 0 | F39: 251 | G39: 0 | H39: 543 | I39: 395 | J39: 536 | K39: 132 | L39: 358 | M39: 341 | N39: 162 | O39: 949 | P39: 106 | Q39: 686 | S39: 819 | U39: 435 | W39: 514 | Y39: 395 | AA39: 348 | AC39: 0 | AE39: - | AG39: - | AI39: -
A40: Rajasthan | B40: SALUMBER | C40: # Girls Leaders | E40: 0 | F40: 0 | G40: 0 | H40: 0 | I40: 191 | J40: 0 | K40: 0 | L40: 298 | M40: 478 | N40: 780 | O40: 478 | P40: 403 | Q40: 478 | S40: 287 | U40: 0 | W40: 0 | Y40: 0 | AA40: 0 | AC40: 0 | AE40: 0 | AG40: 0 | AI40: 0
A41: Rajasthan | B41: SALUMBER | C41: # SMC Members Trained | E41: 0 | F41: 0 | G41: 0 | H41: 0 | I41: 116 | J41: 0 | K41: 116 | L41: 298 | M41: 0 | N41: 780 | O41: 0 | P41: 403 | Q41: 77 | S41: 116 | U41: 231 | W41: 289 | Y41: 289 | AA41: 347 | AC41: 231 | AE41: 231 | AG41: 116 | AI41: 0
A42: Rajasthan | B42: SALUMBER | C42: #Retention Data Verification | E42: 0 | F42: 99 | G42: 0 | H42: 2651 | I42: 989 | J42: 2442 | K42: 989 | L42: 0 | M42: 989 | N42: 2834 | O42: 989 | P42: 3001 | Q42: 989 | S42: 989 | U42: 989 | W42: 989 | Y42: 989 | AA42: 989 | AC42: 0 | AE42: 0 | AG42: 0 | AI42: 0
A43: Rajasthan | B43: SALUMBER | C43: # Learning Beneficiaries-PO | E43: 0 | F43: Pending | G43: 0 | H43: Pending | I43: 1184 | J43: Pending | K43: 0 | L43: Pending | M43: 0 | N43: Pending | O43: 0 | P43: Pending | Q43: 0 | S43: 0 | U43: 0 | W43: 0 | Y43: 0 | AA43: 0 | AC43: 0 | AE43: 0 | AG43: 0 | AI43: 0
A44: Rajasthan | B44: SIROHI | C44: Enrolment 5-14 | E44: 0 | F44: 295 | G44: 0 | H44: 231 | I44: 286 | J44: 101 | K44: 98 | L44: 73 | M44: 262 | N44: 201 | O44: 452 | P44: 94 | Q44: 395 | S44: 680 | U44: 960 | W44: 960 | Y44: 960 | AA44: 960 | AC44: - | AE44: - | AG44: - | AI44: -
A45: Rajasthan | B45: SIROHI | C45: # Girls Leaders | E45: 0 | F45: 0 | G45: 0 | H45: 0 | I45: 348 | J45: 0 | K45: 0 | L45: 85 | M45: 646 | N45: 52 | O45: 646 | P45: 39 | Q45: 646 | S45: 262 | U45: 0 | W45: 0 | Y45: 0 | AA45: 0 | AC45: 0 | AE45: 0 | AG45: 0 | AI45: 0
A46: Rajasthan | B46: SIROHI | C46: # SMC Members Trained | E46: 0 | F46: 0 | G46: 0 | H46: 0 | I46: 96 | J46: 9 | K46: 96 | L46: 85 | M46: 0 | N46: 52 | O46: 0 | P46: 39 | Q46: 62 | S46: 96 | U46: 516 | W46: 516 | Y46: 516 | AA46: 552 | AC46: 0 | AE46: 0 | AG46: 0 | AI46: 0
A47: Rajasthan | B47: SIROHI | C47: #Retention Data Verification | E47: 0 | F47: 555 | G47: 0 | H47: 2558 | I47: 1012 | J47: 1434 | K47: 1012 | L47: 0 | M47: 1012 | N47: 213 | O47: 1012 | P47: 12 | Q47: 731 | S47: 0 | U47: 0 | W47: 0 | Y47: 0 | AA47: 0 | AC47: 0 | AE47: 0 | AG47: 0 | AI47: 0
A48: Rajasthan | B48: SIROHI | C48: # Learning Beneficiaries-PO | E48: 0 | F48: Pending | G48: 0 | H48: Pending | I48: 0 | J48: Pending | K48: 0 | L48: Pending | M48: 337 | N48: Pending | O48: 0 | P48: Pending | Q48: 0 | S48: 0 | U48: 0 | W48: 0 | Y48: 0 | AA48: 0 | AC48: 0 | AE48: 0 | AG48: 0 | AI48: 0
A49: Rajasthan | B49: UDAIPUR | C49: Enrolment 5-14 | E49: 0 | F49: 422 | G49: 0 | H49: 517 | I49: 555 | J49: 204 | K49: 185 | L49: 220 | M49: 478 | N49: 254 | O49: 1331 | P49: 374 | Q49: 962 | S49: 1149 | U49: 1246 | W49: 721 | Y49: 555 | AA49: 516 | AC49: - | AE49: - | AG49: - | AI49: -
A50: Rajasthan | B50: UDAIPUR | C50: # Girls Leaders | E50: 0 | F50: 0 | G50: 0 | H50: 0 | I50: 267 | J50: 13 | K50: 0 | L50: 662 | M50: 832 | N50: 595 | O50: 832 | P50: 311 | Q50: 832 | S50: 566 | U50: 0 | W50: 0 | Y50: 0 | AA50: 0 | AC50: 0 | AE50: 0 | AG50: 0 | AI50: 0
A51: Rajasthan | B51: UDAIPUR | C51: # SMC Members Trained | E51: 0 | F51: 11 | G51: 0 | H51: 0 | I51: 160 | J51: 13 | K51: 160 | L51: 662 | M51: 0 | N51: 595 | O51: 0 | P51: 311 | Q51: 107 | S51: 160 | U51: 321 | W51: 400 | Y51: 400 | AA51: 481 | AC51: 300 | AE51: 0 | AG51: 0 | AI51: 0
A52: Rajasthan | B52: UDAIPUR | C52: #Retention Data Verification | E52: 0 | F52: 284 | G52: 0 | H52: 1750 | I52: 2607 | J52: 1475 | K52: 2607 | L52: 0 | M52: 2607 | N52: 1712 | O52: 2607 | P52: 2691 | Q52: 2607 | S52: 2607 | U52: 874 | W52: 874 | Y52: 874 | AA52: 877 | AC52: 0 | AE52: 0 | AG52: 0 | AI52: 0
A53: Rajasthan | B53: UDAIPUR | C53: # Learning Beneficiaries-PO | E53: 0 | F53: Pending | G53: 0 | H53: Pending | I53: 0 | J53: Pending | K53: 0 | L53: Pending | M53: 124 | N53: Pending | O53: 0 | P53: Pending | Q53: 0 | S53: 0 | U53: 0 | W53: 0 | Y53: 0 | AA53: 0 | AC53: 0 | AE53: 0 | AG53: 0 | AI53: 0
A54: MP | B54: Alirajpur | C54: Enrolment 5-14 | E54: 800 | F54: 815 | G54: 1000 | H54: 842 | I54: 900 | J54: 1153 | K54: 700 | L54: 1405 | M54: 1100 | N54: 416 | O54: 1038 | P54: 372 | Q54: 1400 | S54: 0 | U54: 0 | W54: 0 | Y54: 0 | AA54: 0 | AC54: - | AE54: - | AG54: - | AI54: -
A55: MP | B55: Alirajpur | C55: # Girls Leaders | E55: 0 | F55: 0 | G55: 0 | H55: 0 | I55: 0 | J55: 0 | K55: 0 | L55: 0 | M55: 0 | N55: 0 | O55: 0 | P55: 0 | Q55: 4017 | S55: 0 | U55: 0 | W55: 0 | Y55: 0 | AA55: 0 | AC55: 0 | AE55: 0 | AG55: 0 | AI55: 0
A56: MP | B56: Alirajpur | C56: # SMC Members Trained | E56: 0 | F56: 0 | G56: 0 | H56: 0 | I56: 0 | J56: 0 | K56: 0 | L56: 0 | M56: 0 | N56: 10 | O56: 300 | P56: 0 | Q56: 200 | S56: 200 | U56: 300 | W56: 300 | Y56: 117 | AA56: 0 | AC56: 0 | AE56: 0 | AG56: 0 | AI56: 0
A57: MP | B57: Alirajpur | C57: #Retention Data Verification | E57: 0 | F57: 4 | G57: 0 | H57: 1174 | I57: 0 | J57: 3655 | K57: 2200 | L57: 19 | M57: 3338 | N57: 4273 | O57: 3338 | P57: 2586 | Q57: 3338 | S57: 3340 | U57: 0 | W57: 0 | Y57: 0 | AA57: 0 | AC57: 0 | AE57: 0 | AG57: 0 | AI57: 0
A58: MP | B58: Alirajpur | C58: # Learning Beneficiaries-PO | E58: 0 | F58: Pending | G58: 0 | H58: Pending | I58: 0 | J58: Pending | K58: 700 | L58: Pending | M58: 2418 | N58: Pending | O58: 0 | P58: Pending | Q58: 0 | S58: 0 | U58: 0 | W58: 0 | Y58: 0 | AA58: 0 | AC58: 0 | AE58: 0 | AG58: 0 | AI58: 0
A59: MP | B59: Barwani | C59: Enrolment 5-14 | E59: 0 | F59: 478 | G59: 0 | H59: 592 | I59: 0 | J59: 473 | K59: 250 | L59: 393 | M59: 4309 | N59: 157 | O59: 5122 | P59: 145 | Q59: 4879 | S59: 4122 | U59: 1500 | W59: 0 | Y59: 0 | AA59: 0 | AC59: 0 | AE59: 0 | AG59: 0 | AI59: 0
A60: MP | B60: Barwani | C60: # Girls Leaders | E60: 0 | F60: 0 | G60: 0 | H60: 0 | I60: 0 | J60: 0 | K60: 0 | L60: 0 | M60: 0 | N60: 0 | O60: 1300 | P60: 0 | Q60: 1950 | S60: 650 | U60: 0 | W60: 0 | Y60: 0 | AA60: 0 | AC60: 0 | AE60: 0 | AG60: 0 | AI60: 0
A61: MP | B61: Barwani | C61: # SMC Members Trained | E61: 0 | F61: 0 | G61: 0 | H61: 0 | I61: 110 | J61: 0 | K61: 0 | L61: 0 | M61: 550 | N61: 18 | O61: 275 | P61: 11 | Q61: 200 | S61: 140 | U61: 0 | W61: 0 | Y61: 0 | AA61: 0 | AC61: 0 | AE61: 0 | AG61: 0 | AI61: 0
A62: MP | B62: Barwani | C62: #Retention Data Verification | E62: 0 | F62: 258 | G62: 0 | H62: 2361 | I62: 650 | J62: 8000 | K62: 0 | L62: 140 | M62: 2425 | N62: 3147 | O62: 2650 | P62: 2051 | Q62: 2425 | S62: 2650 | U62: 1483 | W62: 1483 | Y62: 0 | AA62: 0 | AC62: 0 | AE62: 0 | AG62: 0 | AI62: 0
A63: MP | B63: Barwani | C63: # Learning Beneficiaries-PO | E63: 0 | F63: Pending | G63: 0 | H63: Pending | I63: 200 | J63: Pending | K63: 260 | L63: Pending | M63: 0 | N63: Pending | O63: 0 | P63: Pending | Q63: 0 | S63: 0 | U63: 0 | W63: 0 | Y63: 0 | AA63: 0 | AC63: 0 | AE63: 0 | AG63: 0 | AI63: 0
A64: MP | B64: Dhar | C64: Enrolment 5-14 | E64: 200 | F64: 322 | G64: 250 | H64: 635 | I64: 150 | J64: 360 | K64: 0 | L64: 210 | M64: 200 | N64: 285 | O64: 200 | P64: 347 | Q64: 200 | S64: 200 | U64: 200 | W64: 200 | Y64: 171 | AA64: 200 | AC64: 0 | AE64: 0 | AG64: 0 | AI64: 0
A65: MP | B65: Dhar | C65: # Girls Leaders | E65: 0 | F65: 0 | G65: 0 | H65: 0 | I65: 0 | J65: 0 | K65: 0 | L65: 909 | M65: 0 | N65: 531 | O65: 260 | P65: 493 | Q65: 260 | S65: 520 | U65: 520 | W65: 260 | Y65: 260 | AA65: 260 | AC65: 0 | AE65: 0 | AG65: 0 | AI65: 0
A66: MP | B66: Dhar | C66: # SMC Members Trained | E66: 0 | F66: 0 | G66: 200 | H66: 0 | I66: 200 | J66: 0 | K66: 200 | L66: 909 | M66: 200 | N66: 531 | O66: 200 | P66: 493 | Q66: 200 | S66: 200 | U66: 200 | W66: 137 | Y66: 0 | AA66: 0 | AC66: 0 | AE66: 0 | AG66: 0 | AI66: 0
A67: MP | B67: Dhar | C67: #Retention Data Verification | E67: 802 | F67: 1185 | G67: 2138 | H67: 2273 | I67: 1918 | J67: 1845 | K67: 0 | L67: 0 | M67: 2255 | N67: 2709 | O67: 2255 | P67: 3665 | Q67: 2255 | S67: 2255 | U67: 2255 | W67: 1893 | Y67: 0 | AA67: 0 | AC67: 0 | AE67: 0 | AG67: 0 | AI67: 0
A68: MP | B68: Dhar | C68: # Learning Beneficiaries-PO | E68: 0 | F68: Pending | G68: 0 | H68: Pending | I68: 0 | J68: Pending | K68: 1000 | L68: Pending | M68: 553 | N68: Pending | O68: 0 | P68: Pending | Q68: 0 | S68: 0 | U68: 0 | W68: 900 | Y68: 0 | AA68: 0 | AC68: 0 | AE68: 0 | AG68: 0 | AI68: 0
A69: MP | B69: Jhabua | C69: Enrolment 5-14 | E69: 0 | F69: 585 | G69: 0 | H69: 476 | I69: 1350 | J69: 245 | K69: 1400 | L69: 349 | M69: 1300 | N69: 261 | O69: 1350 | P69: 252 | Q69: 1350 | S69: 1370 | U69: 2650 | W69: 2550 | Y69: 2020 | AA69: 1250 | AC69: 0 | AE69: 0 | AG69: 0 | AI69: 0
A70: MP | B70: Jhabua | C70: # Girls Leaders | E70: 0 | F70: 0 | G70: 0 | H70: 0 | I70: 0 | J70: 0 | K70: 0 | L70: 0 | M70: 510 | N70: 0 | O70: 500 | P70: 39 | Q70: 500 | S70: 520 | U70: 510 | W70: 510 | Y70: 500 | AA70: 506 | AC70: 0 | AE70: 0 | AG70: 0 | AI70: 0
A71: MP | B71: Jhabua | C71: # SMC Members Trained | E71: 0 | F71: 0 | G71: 0 | H71: 20 | I71: 0 | J71: 0 | K71: 240 | L71: 12 | M71: 120 | N71: 9 | O71: 120 | P71: 77 | Q71: 120 | S71: 480 | U71: 120 | W71: 120 | Y71: 178 | AA71: 0 | AC71: 0 | AE71: 0 | AG71: 0 | AI71: 0
A72: MP | B72: Jhabua | C72: #Retention Data Verification | E72: 5100 | F72: 3651 | G72: 0 | H72: 4628 | I72: 0 | J72: 2566 | K72: 1400 | L72: 0 | M72: 1000 | N72: 1178 | O72: 1000 | P72: 935 | Q72: 700 | S72: 500 | U72: 500 | W72: 38 | Y72: 0 | AA72: 0 | AC72: 0 | AE72: 0 | AG72: 0 | AI72: 0
A73: MP | B73: Jhabua | C73: # Learning Beneficiaries-PO | E73: 0 | F73: Pending | G73: 0 | H73: Pending | I73: 0 | J73: Pending | K73: 1000 | L73: Pending | M73: 764 | N73: Pending | O73: 0 | P73: Pending | Q73: 0 | S73: 0 | U73: 0 | W73: 0 | Y73: 0 | AA73: 0 | AC73: 0 | AE73: 0 | AG73: 0 | AI73: 0
A74: MP | B74: Khalwa | C74: Enrolment 5-14 | E74: 150 | F74: 464 | G74: 200 | H74: 757 | I74: 300 | J74: 152 | K74: 125 | L74: 32 | M74: 175 | N74: 29 | O74: 325 | P74: 17 | Q74: 200 | S74: 313 | U74: 0 | W74: 0 | Y74: 0 | AA74: 0 | AC74: 0 | AE74: 0 | AG74: 0 | AI74: 0
A75: MP | B75: Khalwa | C75: # Girls Leaders | E75: 0 | F75: 0 | G75: 0 | H75: 0 | I75: 0 | J75: 0 | K75: 0 | L75: 103 | M75: 0 | N75: 116 | O75: 40 | P75: 26 | Q75: 45 | S75: 90 | U75: 90 | W75: 40 | Y75: 40 | AA75: 45 | AC75: 0 | AE75: 0 | AG75: 0 | AI75: 0
A76: MP | B76: Khalwa | C76: # SMC Members Trained | E76: 0 | F76: 0 | G76: 0 | H76: 0 | I76: 50 | J76: 0 | K76: 0 | L76: 103 | M76: 50 | N76: 116 | O76: 50 | P76: 26 | Q76: 50 | S76: 54 | U76: 50 | W76: 50 | Y76: 0 | AA76: 0 | AC76: 0 | AE76: 0 | AG76: 0 | AI76: 0
A77: MP | B77: Khalwa | C77: #Retention Data Verification | E77: 0 | F77: 0 | G77: 0 | H77: 624 | I77: 600 | J77: 1153 | K77: 600 | L77: 0 | M77: 600 | N77: 1340 | O77: 600 | P77: 276 | Q77: 600 | S77: 505 | U77: 0 | W77: 0 | Y77: 0 | AA77: 0 | AC77: 0 | AE77: 0 | AG77: 0 | AI77: 0
A78: MP | B78: Khalwa | C78: # Learning Beneficiaries-PO | E78: 0 | F78: Pending | G78: 0 | H78: Pending | I78: 0 | J78: Pending | K78: 400 | L78: Pending | M78: 459 | N78: Pending | O78: 0 | P78: Pending | Q78: 0 | S78: 0 | U78: 0 | W78: 0 | Y78: 0 | AA78: 0 | AC78: 0 | AE78: 0 | AG78: 0 | AI78: 0
A79: MP | B79: Khandwa | C79: Enrolment 5-14 | E79: 700 | F79: 1087 | G79: 900 | H79: 1939 | I79: 800 | J79: 1018 | K79: 700 | L79: 266 | M79: 600 | N79: 148 | O79: 700 | P79: 41 | Q79: 900 | S79: 800 | U79: 900 | W79: 800 | Y79: 600 | AA79: 833 | AC79: 0 | AE79: 0 | AG79: 0 | AI79: 0
A80: MP | B80: Khandwa | C80: # Girls Leaders | E80: 0 | F80: 0 | G80: 0 | H80: 0 | I80: 0 | J80: 0 | K80: 0 | L80: 2239 | M80: 0 | N80: 491 | O80: 440 | P80: 470 | Q80: 440 | S80: 870 | U80: 869 | W80: 440 | Y80: 440 | AA80: 440 | AC80: 0 | AE80: 0 | AG80: 0 | AI80: 0
A81: MP | B81: Khandwa | C81: # SMC Members Trained | E81: 0 | F81: 0 | G81: 300 | H81: 37 | I81: 300 | J81: 66 | K81: 300 | L81: 2277 | M81: 300 | N81: 491 | O81: 400 | P81: 491 | Q81: 400 | S81: 400 | U81: 300 | W81: 300 | Y81: 315 | AA81: 0 | AC81: 0 | AE81: 0 | AG81: 0 | AI81: 0
A82: MP | B82: Khandwa | C82: #Retention Data Verification | E82: 0 | F82: 0 | G82: 0 | H82: 5019 | I82: 3000 | J82: 6499 | K82: 3000 | L82: 6 | M82: 3000 | N82: 3227 | O82: 3000 | P82: 1016 | Q82: 3000 | S82: 2933 | U82: 0 | W82: 0 | Y82: 0 | AA82: 0 | AC82: 0 | AE82: 0 | AG82: 0 | AI82: 0
A83: MP | B83: Khandwa | C83: # Learning Beneficiaries-PO | E83: 0 | F83: Pending | G83: 0 | H83: Pending | I83: 0 | J83: Pending | K83: 4040 | L83: Pending | M83: 4040 | N83: Pending | O83: 0 | P83: Pending | Q83: 0 | S83: 0 | U83: 0 | W83: 0 | Y83: 0 | AA83: 0 | AC83: 0 | AE83: 0 | AG83: 0 | AI83: 0
A84: MP | B84: Sidhi | C84: Enrolment 5-14 | E84: 974 | F84: 644 | G84: 974 | H84: 801 | I84: 974 | J84: 324 | K84: 974 | L84: 339 | M84: 974 | N84: 356 | O84: 974 | P84: 224 | Q84: 976 | S84: 974 | U84: 974 | W84: 823 | Y84: 820 | AA84: 975 | AC84: 0 | AE84: 0 | AG84: 0 | AI84: 0
A85: MP | B85: Sidhi | C85: # Girls Leaders | E85: 0 | F85: 0 | G85: 0 | H85: 0 | I85: 1586 | J85: 13 | K85: 0 | L85: 1968 | M85: 0 | N85: 777 | O85: 0 | P85: 1267 | Q85: 1846 | S85: 0 | U85: 0 | W85: 0 | Y85: 0 | AA85: 0 | AC85: 0 | AE85: 0 | AG85: 0 | AI85: 0
A86: MP | B86: Sidhi | C86: # SMC Members Trained | E86: 0 | F86: 0 | G86: 0 | H86: 0 | I86: 320 | J86: 13 | K86: 0 | L86: 2084 | M86: 1000 | N86: 785 | O86: 610 | P86: 1281 | Q86: 610 | S86: 100 | U86: 0 | W86: 0 | Y86: 0 | AA86: 0 | AC86: 0 | AE86: 0 | AG86: 0 | AI86: 0
A87: MP | B87: Sidhi | C87: #Retention Data Verification | E87: 0 | F87: 2 | G87: 0 | H87: 254 | I87: 2520 | J87: 1714 | K87: 0 | L87: 0 | M87: 2520 | N87: 4500 | O87: 2520 | P87: 3015 | Q87: 1453 | S87: 1454 | U87: 2520 | W87: 2520 | Y87: 2520 | AA87: 2137 | AC87: 0 | AE87: 0 | AG87: 0 | AI87: 0
A88: MP | B88: Sidhi | C88: # Learning Beneficiaries-PO | E88: 0 | F88: Pending | G88: 0 | H88: Pending | I88: 0 | J88: Pending | K88: 285 | L88: Pending | M88: 0 | N88: Pending | O88: 0 | P88: Pending | Q88: 0 | S88: 0 | U88: 0 | W88: 0 | Y88: 0 | AA88: 0 | AC88: 0 | AE88: 0 | AG88: 0 | AI88: 0
A89: UP | B89: CHITRAKOOT | C89: Enrolment 5-14 | E89: 566 | F89: 167 | G89: 679 | H89: 264 | I89: 779 | J89: 91 | K89: 779 | L89: 18 | M89: 0 | N89: 0 | O89: 0 | P89: 25 | Q89: 679 | S89: 679 | U89: 635 | W89: 0 | Y89: 0 | AA89: 0 | AC89: 0 | AE89: 0 | AG89: 0 | AI89: 0
A90: UP | B90: CHITRAKOOT | C90: # Girls Leaders | E90: 0 | F90: 0 | G90: 0 | H90: 0 | I90: 1417 | J90: 0 | K90: 1417 | L90: 3951 | M90: 0 | N90: 26 | O90: 0 | P90: 13 | Q90: 1417 | S90: 1417 | U90: 0 | W90: 0 | Y90: 0 | AA90: 0 | AC90: 0 | AE90: 0 | AG90: 0 | AI90: 0
A91: UP | B91: CHITRAKOOT | C91: # SMC Members Trained | E91: 0 | F91: 0 | G91: 654 | H91: 0 | I91: 654 | J91: 0 | K91: 0 | L91: 3951 | M91: 0 | N91: 26 | O91: 0 | P91: 13 | Q91: 654 | S91: 654 | U91: 654 | W91: 654 | Y91: 436 | AA91: 0 | AC91: 0 | AE91: 0 | AG91: 0 | AI91: 0
A92: UP | B92: CHITRAKOOT | C92: #Retention Data Verification | E92: 0 | F92: 1 | G92: 7000 | H92: 313 | I92: 7000 | J92: 20974 | K92: 0 | L92: 12701 | M92: 7000 | N92: 94 | O92: 7000 | P92: 2 | Q92: 7000 | S92: 7000 | U92: 8631 | W92: 0 | Y92: 0 | AA92: 0 | AC92: 0 | AE92: 0 | AG92: 0 | AI92: 0
A93: UP | B93: CHITRAKOOT | C93: # Learning Beneficiaries-PO | E93: 0 | F93: Pending | G93: 0 | H93: Pending | I93: 0 | J93: Pending | K93: 0 | L93: Pending | M93: 0 | N93: Pending | O93: 0 | P93: Pending | Q93: 0 | S93: 0 | U93: 0 | W93: 0 | Y93: 0 | AA93: 0 | AC93: 0 | AE93: 0 | AG93: 0 | AI93: 0
A94: UP | B94: FATEHPUR | C94: Enrolment 5-14 | E94: 875 | F94: 856 | G94: 1225 | H94: 1091 | I94: 1750 | J94: 902 | K94: 1750 | L94: 3412 | M94: 525 | N94: 452 | O94: 350 | P94: 0 | Q94: 1666 | S94: 2275 | U94: 1750 | W94: 1750 | Y94: 1515 | AA94: 1050 | AC94: 0 | AE94: 0 | AG94: 0 | AI94: 0
A95: UP | B95: FATEHPUR | C95: # Girls Leaders | E95: 0 | F95: 0 | G95: 0 | H95: 0 | I95: 1079 | J95: 117 | K95: 1079 | L95: 1063 | M95: 736 | N95: 0 | O95: 736 | P95: 0 | Q95: 0 | S95: 0 | U95: 0 | W95: 0 | Y95: 0 | AA95: 0 | AC95: 0 | AE95: 0 | AG95: 0 | AI95: 0
A96: UP | B96: FATEHPUR | C96: # SMC Members Trained | E96: 0 | F96: 10 | G96: 0 | H96: 10 | I96: 583 | J96: 117 | K96: 583 | L96: 1063 | M96: 584 | N96: 0 | O96: 0 | P96: 0 | Q96: 0 | S96: 875 | U96: 875 | W96: 0 | Y96: 0 | AA96: 0 | AC96: 0 | AE96: 0 | AG96: 0 | AI96: 0
A97: UP | B97: FATEHPUR | C97: #Retention Data Verification | E97: 0 | F97: 0 | G97: 0 | H97: 0 | I97: 0 | J97: 0 | K97: 0 | L97: 0 | M97: 0 | N97: 0 | O97: 0 | P97: 0 | Q97: 0 | S97: 0 | U97: 0 | W97: 0 | Y97: 0 | AA97: 0 | AC97: 0 | AE97: 0 | AG97: 0 | AI97: 0
A98: UP | B98: FATEHPUR | C98: # Learning Beneficiaries-PO | E98: 0 | F98: Pending | G98: 0 | H98: Pending | I98: 0 | J98: Pending | K98: 0 | L98: Pending | M98: 0 | N98: Pending | O98: 0 | P98: Pending | Q98: 0 | S98: 0 | U98: 0 | W98: 0 | Y98: 0 | AA98: 0 | AC98: 0 | AE98: 0 | AG98: 0 | AI98: 0
A99: UP | B99: PRAYAGRAJ | C99: Enrolment 5-14 | E99: 835 | F99: 136 | G99: 1644 | H99: 225 | I99: 1781 | J99: 209 | K99: 1781 | L99: 369 | M99: 427 | N99: 24 | O99: 261 | P99: 5 | Q99: 816 | S99: 1224 | U99: 1768 | W99: 1632 | Y99: 1088 | AA99: 1088 | AC99: 0 | AE99: 0 | AG99: 0 | AI99: 0
A100: UP | B100: PRAYAGRAJ | C100: # Girls Leaders | E100: 0 | F100: 0 | G100: 0 | H100: 0 | I100: 0 | J100: 0 | K100: 0 | L100: 0 | M100: 548 | N100: 0 | O100: 548 | P100: 0 | Q100: 548 | S100: 548 | U100: 0 | W100: 0 | Y100: 0 | AA100: 0 | AC100: 0 | AE100: 0 | AG100: 0 | AI100: 0
...

Sheet WEEKLY
I1: 44916 | Q1: 44583 | Y1: 44614 | AG1: 44642
I2: Week-1 Target | J2: Week-1 Ach. | K2: Week-2 Target | L2: Week-2 Ach. | M2: Week-3 Target | N2: Week-3 Ach. | O2: Week-4 Target | P2: Week-4 Ach. | Q2: Week-1 Target | R2: Week-1 Ach. | S2: Week-2 Target | T2: Week-2 Ach. | U2: Week-3 Target | V2: Week-3 Ach. | W2: Week-4 Target | X2: Week-4 Ach. | Y2: Week-1 Target | Z2: Week-1 Ach. | AA2: Week-2 Target | AB2: Week-2 Ach. | AC2: Week-3 Target | AD2: Week-3 Ach. | AE2: Week-4 Target | AF2: Week-4 Ach. | AG2: Week-1 Target | AH2: Week-1 Ach. | AI2: Week-2 Target | AJ2: Week-2 Ach. | AK2: Week-3 Target | AL2: Week-3 Ach. | AM2: Week-4 Target | AN2: Week-4 Ach.
A3: State | B3: District | C3: Outcome | D3: YTD achv. Till Nov | E3: Remaining KMI | F3: YTD Target | G3: Total Target | H3: Total Ach | I3: Manual | J3: PMS | K3: Manual | L3: PMS | M3: Manual | N3: PMS | O3: Manual | P3: PMS | Q3: Manual | R3: PMS | S3: Manual | T3: PMS | U3: Manual | V3: PMS | W3: Manual | X3: PMS | Y3: Manual | Z3: PMS | AA3: Manual | AB3: PMS | AC3: Manual | AD3: PMS | AE3: Manual | AF3: PMS | AG3: Manual | AH3: PMS | AI3: Manual | AJ3: PMS | AK3: Manual | AL3: PMS | AM3: Manual | AN3: PMS

Sheet YTD - Target
A1: State | B1: District | C1: Outcome | D1: Weekly Target | E1: YTD Target | L1: Outcome
A2: Rajasthan | B2: AJMER | C2: Enrolment 5-14 | D2: 156 | E2: 2173 | L2: # Girls Leaders | N2: # Learning Beneficiaries-AGP | P2: # Learning Beneficiaries-PO | R2: # SMC Members Trained | T2: #Retention Data Verification | V2: Enrolment 5-14 | X2: Total SUM of Weekly Target | Y2: Total Sum of YTD Target
A3: Rajasthan | B3: AJMER | C3: # Girls Leaders | D3: 803 | E3: 2730 | K3: State | L3: SUM of Weekly Target | M3: Sum of YTD Target | N3: SUM of Weekly Target | O3: Sum of YTD Target | P3: SUM of Weekly Target | Q3: Sum of YTD Target | R3: SUM of Weekly Target | S3: Sum of YTD Target | T3: SUM of Weekly Target | U3: Sum of YTD Target | V3: SUM of Weekly Target | W3: Sum of YTD Target
A4: Rajasthan | B4: AJMER | C4: # SMC Members Trained | D4: 64 | E4: 346 | K4: MP | L4: 7212 | M4: 10262 | P4: 0 | Q4: 38519 | R4: 1170 | S4: 12039 | T4: 12318 | U4: 70355 | V4: 8929 | W4: 68620 | X4: 29629 | Y4: 199795
A5: Rajasthan | B5: AJMER | C5: #Retention Data Verification | D5: 0 | E5: 2249 | K5: Rajasthan | L5: 6219 | M5: 22468 | N5: 1207 | O5: 5880 | P5: 0 | Q5: 21089 | R5: 672 | S5: 9137 | T5: 8667 | U5: 49137 | V5: 4933 | W5: 34781 | X5: 21698 | Y5: 142492
A6: Rajasthan | B6: AJMER | C6: # Learning Beneficiaries-PO | D6: 0 | E6: 2280 | K6: Sidhi | L6: 1846 | M6: 3432 | P6: 0 | Q6: 10560 | R6: 610 | S6: 2540 | T6: 1453 | U6: 9013 | V6: 976 | W6: 16914 | X6: 4885 | Y6: 42459
A7: Rajasthan | B7: AJMER | C7: # Learning Beneficiaries-AGP | D7: 100 | E7: 400 | K7: UP | L7: 2174 | M7: 11556 | P7: 0 | Q7: 41069 | R7: 1634 | S7: 7572 | T7: 7000 | U7: 35000 | V7: 4226 | W7: 59141 | X7: 15034 | Y7: 154338
A8: Rajasthan | B8: BANSWARA | C8: Enrolment 5-14 | D8: 556 | E8: 5094 | K8: Grand Total | L8: 17451 | M8: 47718 | N8: 1207 | O8: 5880 | P8: 0 | Q8: 111237 | R8: 4086 | S8: 31288 | T8: 29438 | U8: 163505 | V8: 19064 | W8: 179456 | X8: 71246 | Y8: 539084
A9: Rajasthan | B9: BANSWARA | C9: # Girls Leaders | D9: 688 | E9: 2294
A10: Rajasthan | B10: BANSWARA | C10: # SMC Members Trained | D10: 62 | E10: 2824
A11: Rajasthan | B11: BANSWARA | C11: #Retention Data Verification | D11: 2234 | E11: 8282
A12: Rajasthan | B12: BANSWARA | C12: # Learning Beneficiaries-PO | D12: 0 | E12: 4969
A13: Rajasthan | B13: BANSWARA | C13: # Learning Beneficiaries-AGP | E13: 60
A14: Rajasthan | B14: BHILWARA | C14: Enrolment 5-14 | D14: 186 | E14: 921
A15: Rajasthan | B15: BHILWARA | C15: # Girls Leaders | D15: 0 | E15: 1456
A16: Rajasthan | B16: BHILWARA | C16: # SMC Members Trained | D16: 78 | E16: 234
A17: Rajasthan | B17: BHILWARA | C17: #Retention Data Verification | D17: 0 | E17: 402
A18: Rajasthan | B18: BHILWARA | C18: # Learning Beneficiaries-PO | D18: 0 | E18: 0
A19: Rajasthan | B19: BHILWARA | C19: # Learning Beneficiaries-AGP | E19: 0
A20: Rajasthan | B20: BUNDI | C20: Enrolment 5-14 | D20: 402 | E20: 1851
A21: Rajasthan | B21: BUNDI | C21: # Girls Leaders | D21: 678 | E21: 2262
A22: Rajasthan | B22: BUNDI | C22: # SMC Members Trained | D22: 50 | E22: 576
A23: Rajasthan | B23: BUNDI | C23: #Retention Data Verification | D23: 0 | E23: 2287
A24: Rajasthan | B24: BUNDI | C24: # Learning Beneficiaries-PO | D24: 0 | E24: 920
A25: Rajasthan | B25: BUNDI | C25: # Learning Beneficiaries-AGP | E25: 240
A26: Rajasthan | B26: JALORE | C26: Enrolment 5-14 | D26: 1290 | E26: 3751
A27: Rajasthan | B27: JALORE | C27: # Girls Leaders | D27: 698 | E27: 2314
A28: Rajasthan | B28: JALORE | C28: # SMC Members Trained | D28: 42 | E28: 428
A29: Rajasthan | B29: JALORE | C29: #Retention Data Verification | D29: 0 | E29: 2564
A30: Rajasthan | B30: JALORE | C30: # Learning Beneficiaries-PO | D30: 0 | E30: 2280
A31: Rajasthan | B31: JALORE | C31: # Learning Beneficiaries-AGP | D31: 320 | E31: 1620
A32: Rajasthan | B32: JHALAWAR | C32: Enrolment 5-14 | D32: 102 | E32: 1537
A33: Rajasthan | B33: JHALAWAR | C33: # Girls Leaders | D33: 698 | E33: 2414
A34: Rajasthan | B34: JHALAWAR | C34: # SMC Members Trained | D34: 72 | E34: 1661
A35: Rajasthan | B35: JHALAWAR | C35: #Retention Data Verification | D35: 1112 | E35: 5560
A36: Rajasthan | B36: JHALAWAR | C36: # Learning Beneficiaries-PO | D36: 0 | E36: 980
A37: Rajasthan | B37: JHALAWAR | C37: # Learning Beneficiaries-AGP | E37: 80
A38: Rajasthan | B38: RAJSAMAND | C38: Enrolment 5-14 | D38: 198 | E38: 2664
A39: Rajasthan | B39: RAJSAMAND | C39: # Girls Leaders | D39: 698 | E39: 2324
A40: Rajasthan | B40: RAJSAMAND | C40: # SMC Members Trained | D40: 58 | E40: 380
A41: Rajasthan | B41: RAJSAMAND | C41: #Retention Data Verification | D41: 994 | E41: 5034
A42: Rajasthan | B42: RAJSAMAND | C42: # Learning Beneficiaries-PO | D42: 0 | E42: 2640
A43: Rajasthan | B43: RAJSAMAND | C43: # Learning Beneficiaries-AGP | D43: 295 | E43: 600
A44: Rajasthan | B44: SALUMBER | C44: Enrolment 5-14 | D44: 686 | E44: 5989
A45: Rajasthan | B45: SALUMBER | C45: # Girls Leaders | D45: 478 | E45: 1625
A46: Rajasthan | B46: SALUMBER | C46: # SMC Members Trained | D46: 77 | E46: 1271
A47: Rajasthan | B47: SALUMBER | C47: #Retention Data Verification | D47: 989 | E47: 4945
A48: Rajasthan | B48: SALUMBER | C48: # Learning Beneficiaries-PO | D48: 0 | E48: 1520
A49: Rajasthan | B49: SALUMBER | C49: # Learning Beneficiaries-AGP | E49: 200
A50: Rajasthan | B50: SIROHI | C50: Enrolment 5-14 | D50: 395 | E50: 3580
A51: Rajasthan | B51: SIROHI | C51: # Girls Leaders | D51: 646 | E51: 2286
A52: Rajasthan | B52: SIROHI | C52: # SMC Members Trained | D52: 62 | E52: 254
A53: Rajasthan | B53: SIROHI | C53: #Retention Data Verification | D53: 731 | E53: 4779
A54: Rajasthan | B54: SIROHI | C54: # Learning Beneficiaries-PO | D54: 0 | E54: 2940
A55: Rajasthan | B55: SIROHI | C55: # Learning Beneficiaries-AGP | D55: 412 | E55: 1980
A56: Rajasthan | B56: UDAIPUR | C56: Enrolment 5-14 | D56: 962 | E56: 7221
A57: Rajasthan | B57: UDAIPUR | C57: # Girls Leaders | D57: 832 | E57: 2763
A58: Rajasthan | B58: UDAIPUR | C58: # SMC Members Trained | D58: 107 | E58: 1163
A59: Rajasthan | B59: UDAIPUR | C59: #Retention Data Verification | D59: 2607 | E59: 13035
A60: Rajasthan | B60: UDAIPUR | C60: # Learning Beneficiaries-PO | D60: 0 | E60: 2560
A61: Rajasthan | B61: UDAIPUR | C61: # Learning Beneficiaries-AGP | D61: 80 | E61: 700
... A116: UP | B116: ROBERTSGANJ | C116: # Learning Beneficiaries-PO | D116: 0 | E116: 8220

Sheet TRENDS
A2: Outcome | B2: Enrolment
C3: Weekly Achievment against target
A4: State | B4: District | C4: Week 1 | D4: Week 2 | E4: Week 3 | F4: Week 4 | G4: Week 5 | H4: Week 6 | I4: Insight
A5: MP | B5: D1 | C5: -0.1 | D5: -0.2 | E5: -0.1 | F5: -0.05 | G5: -0.15 | H5: -0.1 | I5: D1 is consistently underperforming. Estimates may be unrealistic or support may be required.
B6: D2 | C6: 0.1 | D6: 0.15 | E6: -0.1 | F6: 0.1 | G6: -0.05 | H6: 0.05 | I6: D2 performance is erratic and no pattern visible.
C13: Quality - Trends in Quality Assessment (High-risk errors)
A14: State | B14: District | C14: Week 1 | D14: Week 2 | E14: Week 3 | F14: Week 4 | G14: Week 5 | H14: Week 6 | I14: Insight | J14: Action Recommended
C15: YTD | D15: YTD | E15: YTD | F15: YTD | G15: YTD | H15: YTD
A16: MP | B16: D1 | C16: Green | D16: Green | E16: Amber | F16: Amber | G16: Red | H16: Red | I16: D1 quality assessment steadily getting worse | J16: #of matching errors is of concern. Analyse by FC and provide support to improve
B17: D2 | C17: Amber | D17: Red | E17: Red | F17: Red | G17: Amber | H17: Amber | I17: D2 quality assessment steadily getting better
B18: D3 | C18: Green | D18: Amber | E18: Amber | F18: Amber | G18: Amber | H18: Amber | I18: D3 quality is within acceptable thresholds but could be improved

Sheet DEFINITIONS
B2: Cut off date | C2: YTD-Till 23th Jan 2021, Weekly- 17 Jan 2022 to 23rd Jan 2022
B3: Enrollment | C3: # OOSG 5-14, class 1-8, current program year, complete SR but only D2D,GSA and CIOOSG.
B4: # Girl Leaders | C4: # All registered girls where Bal Sabha Formation status is Bal Sabha Formed
B5: # SMC Members Trained | C5: # Members trained and activity approved by IO + Community Level SMC Meeting's Member
B6: Retention Data Collection | C6: # Verified OOSC
B7: Retention% | C7: # Verified OOSC/Targeted OOSC
B8: Learning Beneficiaries | C8: # Beneficiaries ( both girls and boys) who attended at least one CBL session in either Camp 1 or 2 or both. Weekly from Session 1 Attendance(last 7 Days)
B9: CBL Conversion% | C9: # Learning beneficiaries who got enrolled this program year against D2D/CIOOSG # Learning beneficiaries
B10: % D2D Enrolments | C10: # (D2D + CIOOSG + GSA) against # OOSG whose matching is not pending- Quality Enrolment Girls
C11: Where age: 5-14, class: 1-8, SR: Complete, Enrolment Year: Current program year
B12: D2D Enrolments per FC | C12: Average # (D2D + CIOOSG + GSA) Girls enrolments per FC

Sheet Trend2
A1: State | B1: District | C1: Week 1 | D1: Week 2 | E1: Week 3 | F1: Week 4 | G1: Week 5 | H1: Week 6
A2: Rajasthan | B2: AJMER
A3: Rajasthan | B3: BANSWARA
A4: Rajasthan | B4: BHILWARA
A5: Rajasthan | B5: BUNDI
A6: Rajasthan | B6: JALORE
A7: Rajasthan | B7: JHALAWAR
A8: Rajasthan | B8: RAJSAMAND
A9: Rajasthan | B9: SALUMBER
A10: Rajasthan | B10: SIROHI
A11: Rajasthan | B11: UDAIPUR
A12: MADHYA PRADESH | B12: ALIRAJPUR
A13: MADHYA PRADESH | B13: BARWANI
... A22: UTTAR PRADESH | B22: ROBERTSGANJ
